ERP_ID,ID,PS,"Evaluative 1(30)","Evaluative 2(25)","Evaluative 3(40)","Evaluative 4(40)","Eval 1(16.66)","Eval 2(16.5)","Eval 3(16.5)","Eval 4(16.5)","Best 3 total(50)",Midsemester(70),"PCT"
11120210752,2021B1PS0752P,P11N,29.5,14,19,27,16.5,9.5,8,11.5,38,44,82
11120212084,2021D2TS2084P,P11N,6,2,3,Absent,3.5,1.5,1.5,0,7,11,18
11120220851,2022A2PS0851P,P4N,24,20,20,29,13.5,13.5,8.5,12,39.5,44,83.5
11120220853,2022A2PS0853P,P7N,0,7,Absent,5,0,4.5,0,2,7,10,17
11120220928,2022A2PS0928P,P13N,27,20.5,34,29,15,13.5,14,12,43,44,87
11120220981,2022A2PS0981P,P4N,4,3.5,1,2,2,2.5,0.5,1,6,22,28
11120221012,2022A2PS1012P,P12N,12,8,10,14,6.5,5.5,4,6,18.5,31,49.5
11120221024,2022A2PS1024P,P11N,ABSENT,13,13,12,0,8.5,5.5,5,19.5,20,39.5
11120221029,2022A2PS1029P,P7N,24,6,30,36,13.5,4,12.5,15,41.5,35,76.5
11120221030,2022A2PS1030P,P1N,16,10,14,11,9,6.5,6,4.5,22,33,55
11120221039,2022A2PS1039P,P12N,12,15.5,5,14,6.5,10.5,2,6,23.5,10,33.5
11120221052,2022A2PS1052P,P5N,7.5,Absent,3,Absent,4,0,1.5,0,6,23,29
11120221055,2022A2PS1055P,P2N,13.5,11,19,25,7.5,7.5,8,10.5,26.5,39,65.5
11120221060,2022A2PS1060P,P1N,25,13,16,21,14,8.5,6.5,9,32,46,78
11120221067,2022A2PS1067P,P10N,18.5,16.5,30,17,10.5,11,12.5,7,34.5,42,76.5
11120221071,2022A2PS1071P,P13N,15.5,1,15,7,8.5,0.5,6.5,3,18.5,41,59.5
11120221076,2022A2PS1076P,P6N,23,7,7,3,13,4.5,3,1.5,21,28,49
11120221083,2022A2PS1083P,P12N,16,7,19,1,9,4.5,8,0.5,22,21,43
11120221085,2022A2PS1085P,P10N,18.5,5.5,23,15,10.5,3.5,9.5,6.5,27,45,72
11120221092,2022A2PS1092P,P11N,19.5,10,3,Absent,11,6.5,1.5,0,19.5,30,49.5
11120221094,2022A2PS1094P,P8N,24.5,14,1,25,13.5,9.5,0.5,10.5,34,37.5,71.5
11120221103,2022A2PS1103P,P13N,16.5,10,7,8,9,6.5,3,3.5,19.5,28,47.5
11120221112,2022A2PS1112P,P13N,6,2,13,3,3.5,1.5,5.5,1.5,11,16,27
11120221116,2022A2PS1116P,P4N,Absent,Absent,2,Absent,0,0,1,0,1.5,16.5,18
11120221123,2022A2PS1123P,P13N,12.5,18,10,29,7,12,4,12,31.5,26,57.5
11120221125,2022A2PS1125P,P10N,5.5,21,3,16,3,14,1.5,6.5,24,28,52
11120221141,2022A2PS1141P,P12N,14.5,3,0,7,8,2,0,3,13.5,32,45.5
11120221143,2022A2PS1143P,P3N,17,18.5,18,21,9.5,12.5,7.5,9,31.5,36,67.5
11120221153,2022A2PS1153P,P11N,29.5,25,30,30,16.5,16.5,12.5,12.5,46,65,111
11120221159,2022A2PS1159P,P13N,8,8,4,14,4.5,5.5,1.5,6,16.5,20,36.5
11120221160,2022A2PS1160P,P3N,19,5,8,Absent,10.5,3.5,3.5,0,18,10,28
11120221161,2022A2PS1161P,P10N,14.5,1,9,3,8,0.5,4,1.5,14,34,48
11120221166,2022A2PS1166P,P10N,2,0.5,5,Absent,1,0.5,2,0,4,15,19
11120221336,2022A2PS1336P,P13N,Absent,6,15,12,0,4,6.5,5,16,16,32
11120221341,2022A2PS1341P,P7N,25,8.5,32,32,14,5.5,13.5,13.5,41.5,37,78.5
11120221355,2022A2PS1355P,P3N,21,10,5,5,11.5,6.5,2,2,20.5,41,61.5
11120221580,2022A2PS1580P,P14N,17.5,5,5,8,9.5,3.5,2,3.5,17,39,56
11120221619,2022A2PS1619P,P7N,19,2,7,0,10.5,1.5,3,0,15.5,10,25.5
11120221621,2022A2PS1621P,P14N,2.5,3,2,13,1.5,2,1,5.5,9.5,23,32.5
11120221622,2022A2PS1622P,P14N,4,3,4,0,2,2,1.5,0,6,26,32
11120221623,2022A2PS1623P,P1N,21.5,8,19,15.5,12,5.5,8,6.5,27,45,72
11120221633,2022A2PS1633P,P9N,17,10,8,25,9.5,6.5,3.5,10.5,27,39,66
11120221642,2022A2PS1642P,P3N,12.5,Absent,0,Absent,7,0,0,0,7.5,0,7.5
11120221645,2022A2PS1645P,P1N,26,15,12,15,14.5,10,5,6.5,31.5,34,65.5
11120221651,2022A2PS1651P,P4N,12,5,4,4,6.5,3.5,1.5,1.5,12,31,43
11120221655,2022A2PS1655P,P3N,26.5,Absent,16,21,14.5,0,6.5,9,30.5,50,80.5
11120221657,2022A2PS1657P,P3N,6,2.5,3,4,3.5,1.5,1.5,1.5,7,12,19
11120221661,2022A2PS1661P,P3N,26.5,16,22,25,14.5,10.5,9,10.5,36,43,79
11120221662,2022A2PS1662P,P9N,23,17,17,26,13,11.5,7,11,36,51,87
11120221663,2022A2PS1663P,P4N,17,Absent,5,14,9.5,0,2,6,18,32,50
11120221664,2022A2PS1664P,P4N,22.5,15,14,17,12.5,10,6,7,30,32,62
11120221670,2022A2PS1670P,P9N,21,18.5,23,29,11.5,12.5,9.5,12,36.5,47,83.5
11120221673,2022A2PS1673P,P5N,5,11,4,Absent,3,7.5,1.5,0,12.5,18,30.5
11120221675,2022A2PS1675P,P5N,14,7,8,7,8,4.5,3.5,3,16.5,37,53.5
11120221678,2022A2PS1678P,P5N,2,2.5,4,6,1,1.5,1.5,2.5,6,14,20
11120221679,2022A2PS1679P,P5N,6.5,1.5,1,2,3.5,1,0.5,1,6,14,20
11120221682,2022A2PS1682P,P8N,3,5,4,4,1.5,3.5,1.5,1.5,7,25,32
11120221685,2022A2PS1685P,P14N,23.5,14.5,1,16,13,9.5,0.5,6.5,29.5,30,59.5
11120221686,2022A2PS1686P,P5N,24.5,14,22,Absent,13.5,9.5,9,0,32.5,43,75.5
11120221688,2022A2PS1688P,P3N,9,7,5,3,5,4.5,2,1.5,12,16,28
11120221689,2022A2PS1689P,P12N,15,6.5,13,12,8.5,4.5,5.5,5,19.5,30,49.5
11120221696,2022A2PS1696P,P3N,25,19,29.5,17,14,12.5,12.5,7,39.5,39,78.5
11120221697,2022A2PS1697P,P4N,18.5,10,3,24,10.5,6.5,1.5,10,27.5,31,58.5
11120221698,2022A2PS1698P,P2N,24.5,Absent,11,5,13.5,0,4.5,2,20.5,32,52.5
11120221699,2022A2PS1699P,P8N,18,2,18,32,10,1.5,7.5,13.5,31.5,31,62.5
11120221700,2022A2PS1700P,P8N,15.5,9,14,0,8.5,6,6,0,21,27,48
11120221701,2022A2PS1701P,P4N,21,16,22,0,11.5,10.5,9,0,31.5,30,61.5
11120221703,2022A2PS1703P,P14N,6.5,17,13,11,3.5,11.5,5.5,4.5,22,23,45
11120221709,2022A2PS1709P,P1N,Absent,6,11,5,0,4,4.5,2,11,32,43
11120221710,2022A2PS1710P,P1N,4,9.5,4,11,2,6.5,1.5,4.5,13.5,25,38.5
11120221711,2022A2PS1711P,P1N,Absent,2.5,9,19,0,1.5,4,8,14,10,24
11120221712,2022A2PS1712P,P1N,3,6,5,6,1.5,4,2,2.5,9,33,42
11120221713,2022A2PS1713P,P8N,19,13,29,0,10.5,8.5,12,0,31.5,45,76.5
11120221714,2022A2PS1714P,P10N,28,25,28,31.5,15.5,16.5,11.5,13,45.5,47,92.5
11120221715,2022A2PS1715P,P8N,Absent,2.5,0,0,0,1.5,0,0,2,15,17
11120221716,2022A2PS1716P,P9N,7,14,Absent,10,4,9.5,0,4,18,16,34
11120221717,2022A2PS1717P,P10N,14.5,Absent,9,6,8,0,4,2.5,15,31,46
11120221718,2022A2PS1718P,P7N,3.5,9.5,6,6,2,6.5,2.5,2.5,12,19,31
11120221726,2022A2PS1726P,P8N,2.5,0,0,6,1.5,0,0,2.5,4.5,10,14.5
11120221737,2022A2PS1737P,P8N,Absent,8,17,7,0,5.5,7,3,16,38,54
11120221742,2022A2PS1742P,P5N,5,Absent,2,6,3,0,1,2.5,7,12,19
11120221410,2022A5PS1410P,P12N,14.5,16,12,15,8,10.5,5,6.5,25.5,35.5,61
11120221411,2022A5PS1411P,P13N,21.5,14,Absent,Absent,12,9.5,0,0,22,0,22
11120221412,2022A5PS1412P,P7N,5,14,0,7,3,9.5,0,3,16,30,46
11120221413,2022A5PS1413P,P12N,8.5,2,Absent,5,4.5,1.5,0,2,8.5,21,29.5
11120221414,2022A5PS1414P,P11N,15,9,17,7,8.5,6,7,3,22,43,65
11120221415,2022A5PS1415P,P7N,12,3,Absent,0,6.5,2,0,0,9,0,9
11120221416,2022A5PS1416P,P4N,1,4.5,5,7,0.5,3,2,3,8.5,10,18.5
11120221417,2022A5PS1417P,P14N,21.5,8,Absent,9,12,5.5,0,4,22,18,40
11120221418,2022A5PS1418P,P2N,5,4,9,15,3,2.5,4,6.5,14,23,37
11120221419,2022A5PS1419P,P1N,Absent,4,11,4,0,2.5,4.5,1.5,9,25.5,34.5
11120221422,2022A5PS1422P,P4N,10,6,6,7,5.5,4,2.5,3,13,15,28
11120221423,2022A5PS1423P,P11N,11.5,7.5,7,10,6.5,5,3,4,16,29,45
11120221425,2022A5PS1425P,P1N,8.5,20.5,16,8,4.5,13.5,6.5,3.5,25,26,51
11120221426,2022A5PS1426P,P3N,8,6,8,9,4.5,4,3.5,4,13,10,23
11120221427,2022A5PS1427P,P1N,5,4.5,11,1,3,3,4.5,0.5,11,22,33
11120221429,2022A5PS1429P,P10N,26,20,5,14,14.5,13.5,2,6,34.5,35,69.5
11120221431,2022A5PS1431P,P4N,0,8,3,7,0,5.5,1.5,3,10.5,20,30.5
11120221440,2022A5PS1440P,P11N,18.5,8,21,14,10.5,5.5,9,6,26,35.5,61.5
11120221441,2022A5PS1441P,P1N,12.5,10,16,18,7,6.5,6.5,7.5,21.5,27.5,49
11120221442,2022A5PS1442P,P10N,19,16.5,32,2,10.5,11,13.5,1,35.5,47,82.5
11120221444,2022A5PS1444P,P11N,1.5,3.5,0,8,1,2.5,0,3.5,7.5,26,33.5
11120221445,2022A5PS1445P,P10N,4,2.5,4,4,2,1.5,1.5,1.5,5.5,16.5,22
11120221453,2022A5PS1453P,P14N,15.5,14,9,12,8.5,9.5,4,5,23.5,19,42.5
11120221455,2022A5PS1455P,P12N,14,1,Absent,5,8,0.5,0,2,11,15,26
11120221456,2022A5PS1456P,P3N,5,3,0,3,3,2,0,1.5,7,20,27
11120221457,2022A5PS1457P,P14N,14,7,1,6,8,4.5,0.5,2.5,15.5,17,32.5
11120221458,2022A5PS1458P,P4N,0,1,2,1,0,0.5,1,0.5,2.5,10,12.5
11120221460,2022A5PS1460P,P1N,5,Absent,3,4,3,0,1.5,1.5,6.5,10,16.5
11120221461,2022A5PS1461P,P11N,7,2,11,11,4,1.5,4.5,4.5,13.5,21,34.5
11120221464,2022A5PS1464P,P11N,4,6,3,3,2,4,1.5,1.5,8,16,24
11120220910,2022ABPS0910P,P3N,11,Absent,0,3,6,0,0,1.5,8,32,40
11120220944,2022ABPS0944P,P5N,8.5,8,8,16,4.5,5.5,3.5,6.5,17,23,40
11120220978,2022ABPS0978P,P6N,8.5,2,0,20,4.5,1.5,0,8.5,15,26.5,41.5
11120220979,2022ABPS0979P,P10N,25,18,28,22,14,12,11.5,9,38,45,83
11120220990,2022ABPS0990P,P5N,18,17.5,9,23,10,11.5,4,9.5,31.5,30,61.5
11120221002,2022ABPS1002P,P13N,2,4,8,10,1,2.5,3.5,4,10.5,36,46.5
11120221019,2022ABPS1019P,P13N,Absent,Absent,5,5,0,0,2,2,4.5,22,26.5
11120221034,2022ABPS1034P,P12N,3.5,15,7,10,2,10,3,4,17.5,37,54.5
11120221035,2022ABPS1035P,P2N,3,3,7,9,1.5,2,3,4,9.5,10,19.5
11120221048,2022ABPS1048P,P7N,18,Absent,Absent,20,10,0,0,8.5,19,28,47
11120221080,2022ABPS1080P,P7N,9.5,11.5,16,10,5.5,7.5,6.5,4,20,37,57
11120221093,2022ABPS1093P,P14N,14,11,11,3,8,7.5,4.5,1.5,20.5,30,50.5
11120221119,2022ABPS1119P,P1N,12.5,11.5,10,18,7,7.5,4,7.5,22.5,22,44.5
11120221138,2022ABPS1138P,P7N,5,2,3,4,3,1.5,1.5,1.5,6.5,14,20.5
11120221152,2022ABPS1152P,P12N,19,19,21,13,10.5,12.5,9,5.5,32.5,38,70.5
11120221155,2022ABPS1155P,P14N,28,8,25,36,15.5,5.5,10.5,15,41.5,53.5,95
11120221331,2022ABPS1331P,P12N,27,Absent,9,9,15,0,4,4,23.5,35.5,59
11120221346,2022ABPS1346P,P5N,22,Absent,13,17,12,0,5.5,7,25,28,53
11120221352,2022ABPS1352P,P4N,2,1,3,5,1,0.5,1.5,2,5,11,16
11120221358,2022ABPS1358P,P9N,20,10,9,12,11,6.5,4,5,23,17,40
11120221364,2022ABPS1364P,P7N,13.5,3,17,15,7.5,2,7,6.5,21.5,20,41.5
11120221566,2022ABPS1566P,P12N,26,10,3,23,14.5,6.5,1.5,9.5,31,31,62
11120221569,2022ABPS1569P,P12N,18,18.5,Absent,22,10,12.5,0,9,32,48,80
11120221575,2022ABPS1575P,P7N,17,6,Absent,14,9.5,4,0,6,20,41,61
11120221584,2022ABPS1584P,P3N,25.5,17,28,33,14,11.5,11.5,14,40,46.5,86.5
11120221590,2022ABPS1590P,P1N,11,14,16,23,6,9.5,6.5,9.5,26,31,57
11120221599,2022ABPS1599P,P7N,Absent,Absent,6,6,0,0,2.5,2.5,5.5,10,15.5
11120221604,2022ABPS1604P,P1N,5,7,3,0,3,4.5,1.5,0,9.5,10,19.5
11120221605,2022ABPS1605P,P1N,5,0,7,8,3,0,3,3.5,10,10,20
11120221608,2022ABPS1608P,P1N,Absent,Absent,5,5.5,0,0,2,2.5,5,10,15
11120221612,2022ABPS1612P,P7N,6,0.5,Absent,8,3.5,0.5,0,3.5,8,14,22
11120221635,2022ABPS1635P,P4N,14.5,20,3,13,8,13.5,1.5,5.5,27.5,20,47.5
11120221636,2022ABPS1636P,P4N,Absent,Absent,1,0,0,0,0.5,0,1,15,16
11120221746,2022ABPS1746P,P12N,15,18,Absent,8,8.5,12,0,3.5,24.5,39.5,64
11120220707,2022B1PS0707P,P2N,7.5,Absent,2,7,4,0,1,3,8.5,10,18.5
11120220741,2022B1PS0741P,P3N,8,11,13,Absent,4.5,7.5,5.5,0,18,22,40
11120220780,2022B1PS0780P,P12N,12,14,5,3,6.5,9.5,2,1.5,18.5,16,34.5
11120220826,2022B1PS0826P,P3N,21,12,9,4,11.5,8,4,1.5,24,22,46
11120220849,2022B1PS0849P,P14N,23,14,16,38,13,9.5,6.5,16,39,39,78
11120220869,2022B1PS0869P,P5N,2,19.5,Absent,16.5,1,13,0,7,21.5,25,46.5
11120220882,2022B1PS0882P,P6N,20.5,24,31,38,11.5,16,13,16,45.5,40,85.5
11120220886,2022B1PS0886P,P13N,11.5,11.5,6,5,6.5,7.5,2.5,2,17,39,56
11120220887,2022B1PS0887P,P6N,21,18,6,15,11.5,12,2.5,6.5,30.5,43,73.5
11120220898,2022B1PS0898P,P3N,15.5,14,21,35,8.5,9.5,9,14.5,33.5,34.5,68
11120220930,2022B1PS0930P,P8N,28.5,16.5,26,27,16,11,11,11.5,39,54,93
11120220940,2022B1PS0940P,P3N,14.5,11.5,13,24,8,7.5,5.5,10,26,35,61
11120220949,2022B1PS0949P,P6N,26.5,20,22,23.5,14.5,13.5,9,10,38.5,53,91.5
11120220991,2022B1PS0991P,P11N,9,4,11,13,5,2.5,4.5,5.5,15.5,22,37.5
11120220993,2022B1PS0993P,P11N,10.5,5,4,9,6,3.5,1.5,4,14,20.5,34.5
11120220994,2022B1PS0994P,P4N,21.5,16,13,19,12,10.5,5.5,8,31,35.5,66.5
11120221006,2022B1PS1006P,P7N,23.5,15,31,29,13,10,13,12,38.5,41,79.5
11120221010,2022B1PS1010P,P2N,22,5,20,8,12,3.5,8.5,3.5,24.5,35,59.5
11120221018,2022B1PS1018P,P7N,18.5,19,15,18.5,10.5,12.5,6.5,7.5,31,45,76
11120221021,2022B1PS1021P,P12N,27,9,21,11,15,6,9,4.5,30.5,37,67.5
11120221045,2022B1PS1045P,P10N,12,18.5,10,23,6.5,12.5,4,9.5,29,36.5,65.5
11120221059,2022B1PS1059P,P2N,3,4,7,5,1.5,2.5,3,2,8,10,18
11120221064,2022B1PS1064P,P11N,20,5,23,23,11,3.5,9.5,9.5,30.5,27,57.5
11120221068,2022B1PS1068P,P6N,23,4,5,18,13,2.5,2,7.5,23.5,33,56.5
11120221088,2022B1PS1088P,P5N,3,18.5,14,13,1.5,12.5,6,5.5,24.5,26,50.5
11120221090,2022B1PS1090P,P1N,22,14,14,16,12,9.5,6,6.5,28.5,32.5,61
11120221095,2022B1PS1095P,P1N,21.5,12,17,5,12,8,7,2,27.5,16,43.5
11120221096,2022B1PS1096P,P14N,11.5,3,2,8,6.5,2,1,3.5,12.5,29,41.5
11120221097,2022B1PS1097P,P10N,19,16.5,0,9,10.5,11,0,4,26,37,63
11120221098,2022B1PS1098P,P13N,20.5,9,19,Absent,11.5,6,8,0,26,33,59
11120221102,2022B1PS1102P,P6N,21.5,6,16,37,12,4,6.5,15.5,34.5,25,59.5
11120221107,2022B1PS1107P,P14N,Absent,10,12,Absent,0,6.5,5,0,12,10,22
11120221108,2022B1PS1108P,P12N,20.5,14,16,17,11.5,9.5,6.5,7,28.5,36,64.5
11120221124,2022B1PS1124P,P13N,24,4.5,13,14,13.5,3,5.5,6,25.5,52,77.5
11120221128,2022B1PS1128P,P2N,28,14,10,15,15.5,9.5,4,6.5,32,40,72
11120221130,2022B1PS1130P,P10N,21,7.5,6,3,11.5,5,2.5,1.5,19.5,21.5,41
11120221131,2022B1PS1131P,P6N,28,5,5,19,15.5,3.5,2,8,27.5,39.5,67
11120221132,2022B1PS1132P,P10N,15,16,16,4,8.5,10.5,6.5,1.5,26,28,54
11120221133,2022B1PS1133P,P8N,21,14,10,19,11.5,9.5,4,8,29.5,31,60.5
11120221136,2022B1PS1136P,P7N,19,21,24,28,10.5,14,10,11.5,36.5,25,61.5
11120221137,2022B1PS1137P,P12N,19,Absent,5,5,10.5,0,2,2,15,25,40
11120221145,2022B1PS1145P,P14N,16,13,13,32,9,8.5,5.5,13.5,31.5,39.5,71
11120221148,2022B1PS1148P,P14N,23.5,22,26,18,13,14.5,11,7.5,39,45,84
11120221150,2022B1PS1150P,P11N,Absent,12.5,15,20,0,8.5,6.5,8.5,24,22,46
11120221151,2022B1PS1151P,P11N,22.5,2,20,23,12.5,1.5,8.5,9.5,31,10,41
11120221156,2022B1PS1156P,P13N,9,7.5,3,7,5,5,1.5,3,13.5,16,29.5
11120221337,2022B1PS1337P,P9N,Absent,16.5,8,4,0,11,3.5,1.5,16.5,10,26.5
11120221357,2022B1PS1357P,P4N,25,10,20,13,14,6.5,8.5,5.5,29.5,27.5,57
11120221359,2022B1PS1359P,P6N,19,3.5,5,2,10.5,2.5,2,1,15.5,35,50.5
11120221362,2022B1PS1362P,P7N,13,9,15,18,7,6,6.5,7.5,21.5,18,39.5
11120221585,2022B1PS1585P,P7N,30,18,39,36,16.5,12,16.5,15,48.5,53,101.5
11120221587,2022B1PS1587P,P1N,13,9.5,7,15,7,6.5,3,6.5,20.5,28,48.5
11120221588,2022B1PS1588P,P14N,27,20,11,29,15,13.5,4.5,12,41,41.5,82.5
11120221589,2022B1PS1589P,P14N,3,15,11,11,1.5,10,4.5,4.5,19.5,30.5,50
11120221591,2022B1PS1591P,P1N,10.5,9,7,8,6,6,3,3.5,16,30.5,46.5
11120221592,2022B1PS1592P,P4N,5,3.5,2,3,3,2.5,1,1.5,7.5,16,23.5
11120221600,2022B1PS1600P,P7N,28,25,19,37,15.5,16.5,8,15.5,48,28,76
11120221606,2022B1PS1606P,P7N,23,23.5,31,27,13,15.5,13,11.5,42,66.5,108.5
11120221607,2022B1PS1607P,P4N,8,Absent,0,0,4.5,0,0,0,5,20,25
11120221616,2022B1PS1616P,P7N,14.5,6,10,0,8,4,4,0,16.5,31.5,48
11120221624,2022B1PS1624P,P9N,18,9,7,7,10,6,3,3,19.5,19,38.5
11120221626,2022B1PS1626P,P9N,17.5,24,18,21,9.5,16,7.5,9,35,55,90
11120221634,2022B1PS1634P,P3N,11,10,12,8,6,6.5,5,3.5,18,47,65
11120221638,2022B1PS1638P,P7N,21.5,14,18,12,12,9.5,7.5,5,29.5,27.5,57
11120221639,2022B1PS1639P,P7N,19,9.5,14,6,10.5,6.5,6,2.5,23.5,25,48.5
11120221648,2022B1PS1648P,P4N,28,15,18,26,15.5,10,7.5,11,37,46,83
11120221649,2022B1PS1649P,P7N,15,17.5,12,27,8.5,11.5,5,11.5,32,30.5,62.5
11120221658,2022B1PS1658P,P3N,29.5,24,33,23,16.5,16,14,9.5,47,46,93
11120221659,2022B1PS1659P,P3N,9,5,2,18,5,3.5,1,7.5,16.5,40,56.5
11120221660,2022B1PS1660P,P3N,21,18.5,21.5,16,11.5,12.5,9,6.5,33.5,33.5,67
11120221681,2022B1PS1681P,P5N,13,15.5,5,16,7,10.5,2,6.5,24.5,47,71.5
11120221684,2022B1PS1684P,P12N,19.5,15.5,8,4,11,10.5,3.5,1.5,25.5,25,50.5
11120221702,2022B1PS1702P,P11N,9.5,16.5,11,15,5.5,11,4.5,6.5,23.5,35,58.5
11120221722,2022B1PS1722P,P5N,6,Absent,3,6,3.5,0,1.5,2.5,8,14,22
11120221723,2022B1PS1723P,P8N,9.5,0,9,31,5.5,0,4,13,23,24,47
11120221724,2022B1PS1724P,P10N,18.5,9.5,5,10,10.5,6.5,2,4,21.5,30,51.5
11120221725,2022B1PS1725P,P6N,10,15,Absent,17,5.5,10,0,7,23,18,41
11120221727,2022B1PS1727P,P4N,18.5,3,18,18.5,10.5,2,7.5,7.5,26,31,57
11120221735,2022B1PS1735P,P4N,9.5,7,3,9,5.5,4.5,1.5,4,14.5,22,36.5
11120221736,2022B1PS1736P,P1N,Absent,Absent,6,11,0,0,2.5,4.5,7.5,10,17.5
11120221540,2022B1TS1540P,P10N,2,4.5,2,3,1,3,1,1.5,6,19,25
11120220653,2022B2PS0653P,P13N,15.5,24,26,17,8.5,16,11,7,36,44.5,80.5
11120220674,2022B2PS0674P,P4N,14.5,18,27,16,8,12,11.5,6.5,32,42,74
11120220821,2022B2PS0821P,P12N,10.5,9,10,8,6,6,4,3.5,16.5,28,44.5
11120220825,2022B2PS0825P,P14N,14.5,5,Absent,7,8,3.5,0,3,15,20,35
11120220852,2022B2PS0852P,P13N,13.5,12.5,12,17,7.5,8.5,5,7,23.5,29,52.5
11120220863,2022B2PS0863P,P12N,16,7,21,14,9,4.5,9,6,24.5,39,63.5
11120220939,2022B2PS0939P,P12N,23,24,34,12,13,16,14,5,43.5,48,91.5
11120220970,2022B2PS0970P,P14N,3,Absent,2,8,1.5,0,1,3.5,6.5,28,34.5
11120220977,2022B2PS0977P,P9N,14,15,22,26,8,10,9,11,30.5,32,62.5
11120221032,2022B2PS1032P,P6N,26,13,21,17,14.5,8.5,9,7,32.5,48,80.5
11120221033,2022B2PS1033P,P10N,7,22,25,19,4,14.5,10.5,8,33.5,21,54.5
11120221070,2022B2PS1070P,P13N,22.5,9,13,14,12.5,6,5.5,6,25,35,60
11120221091,2022B2PS1091P,P13N,16.5,18,17,7,9,12,7,3,28.5,44,72.5
11120221100,2022B2PS1100P,P1N,10.5,8.5,13,29,6,5.5,5.5,12,24,24,48
11120221101,2022B2PS1101P,P2N,22,16,22,21,12,10.5,9,9,32,19,51
11120221106,2022B2PS1106P,P7N,15.5,1,9,9,8.5,0.5,4,4,17,29,46
11120221109,2022B2PS1109P,P6N,9.5,12,4,13,5.5,8,1.5,5.5,19.5,14,33.5
11120221114,2022B2PS1114P,P1N,15,3.5,12,5,8.5,2.5,5,2,16.5,28,44.5
11120221117,2022B2PS1117P,P14N,8.5,2,4,Absent,4.5,1.5,1.5,0,8,28,36
11120221129,2022B2PS1129P,P5N,7.5,9.5,16,18,4,6.5,6.5,7.5,21,17,38
11120221135,2022B2PS1135P,P14N,25.5,19,35,Absent,14,12.5,14.5,0,41.5,37,78.5
11120221139,2022B2PS1139P,P10N,21,6.5,7,11,11.5,4.5,3,4.5,21,37,58
11120221144,2022B2PS1144P,P2N,22,6,8,15,12,4,3.5,6.5,23,30,53
11120221146,2022B2PS1146P,P2N,15,1,4,13,8.5,0.5,1.5,5.5,16,32,48
11120221147,2022B2PS1147P,P4N,9.5,19,2,10,5.5,12.5,1,4,22.5,38,60.5
11120221163,2022B2PS1163P,P2N,24,12,22,Absent,13.5,8,9,0,31,51,82
11120221164,2022B2PS1164P,P13N,15.5,10.5,8,2,8.5,7,3.5,1,19.5,26,45.5
11120221167,2022B2PS1167P,P3N,19,5.5,6,6,10.5,3.5,2.5,2.5,17,32,49
11120221333,2022B2PS1333P,P4N,9.5,13.5,2,4,5.5,9,1,1.5,16.5,21,37.5
11120221335,2022B2PS1335P,P9N,8,3,2,0,4.5,2,1,0,8,29,37
11120221338,2022B2PS1338P,P13N,19,1,16,20,10.5,0.5,6.5,8.5,26,34,60
11120221344,2022B2PS1344P,P2N,25,11,12,34,14,7.5,5,14,36,41,77
11120221345,2022B2PS1345P,P8N,13,11.5,13,9,7,7.5,5.5,4,20.5,26,46.5
11120221347,2022B2PS1347P,P8N,15.5,24,20,38,8.5,16,8.5,16,41,40,81
11120221348,2022B2PS1348P,P6N,22,Absent,7,22,12,0,3,9,24.5,29,53.5
11120221349,2022B2PS1349P,P13N,Absent,0,10,5,0,0,4,2,6.5,24,30.5
11120221350,2022B2PS1350P,P3N,9,4,6,2,5,2.5,2.5,1,10.5,19,29.5
11120221361,2022B2PS1361P,P7N,9,17,10,20,5,11.5,4,8.5,25.5,10,35.5
11120221363,2022B2PS1363P,P4N,10.5,9.5,13,11,6,6.5,5.5,4.5,18.5,33,51.5
11120221570,2022B2PS1570P,P8N,15.5,14,11,29,8.5,9.5,4.5,12,30.5,41.5,72
11120221577,2022B2PS1577P,P4N,3,14,2,8,1.5,9.5,1,3.5,15,23,38
11120221582,2022B2PS1582P,P3N,28,Absent,25,24,15.5,0,10.5,10,36.5,37,73.5
11120221583,2022B2PS1583P,P1N,21,15,5,10,11.5,10,2,4,26,27,53
11120221594,2022B2PS1594P,P8N,6.5,9.5,7,5,3.5,6.5,3,2,13.5,18,31.5
11120221601,2022B2PS1601P,P3N,24.5,5,20,28,13.5,3.5,8.5,11.5,34,28,62
11120221602,2022B2PS1602P,P1N,13.5,17,9,20,7.5,11.5,4,8.5,28,39,67
11120221603,2022B2PS1603P,P4N,11.5,17,7,4,6.5,11.5,3,1.5,21.5,39,60.5
11120221613,2022B2PS1613P,P9N,Absent,Absent,5,8,0,0,2,3.5,6,35,41
11120221614,2022B2PS1614P,P4N,19,4,17,12,10.5,2.5,7,5,23,44,67
11120221618,2022B2PS1618P,P1N,6,6.5,5,9,3.5,4.5,2,4,12.5,34,46.5
11120221620,2022B2PS1620P,P4N,9,Absent,2,2,5,0,1,1,7.5,15,22.5
11120221625,2022B2PS1625P,P3N,0,21,13,17,0,14,5.5,7,27,38,65
11120221627,2022B2PS1627P,P3N,6.5,3,4,3,3.5,2,1.5,1.5,7.5,16,23.5
11120221628,2022B2PS1628P,P1N,18.5,2,6,16.5,10.5,1.5,2.5,7,20.5,32,52.5
11120221629,2022B2PS1629P,P1N,18,9,14,22.5,10,6,6,9.5,26,43,69
11120221632,2022B2PS1632P,P1N,25,17,36,0,14,11.5,15,0,41,45,86
11120221641,2022B2PS1641P,P3N,0,5,9,6,0,3.5,4,2.5,10.5,15,25.5
11120221646,2022B2PS1646P,P7N,13,1.5,10,20,7,1,4,8.5,20,28,48
11120221647,2022B2PS1647P,P3N,2,10.5,6,18,1,7,2.5,7.5,17.5,15,32.5
11120221654,2022B2PS1654P,P3N,17.5,10,7,8,9.5,6.5,3,3.5,20,25,45
11120221669,2022B2PS1669P,P5N,15.5,4.5,11,22,8.5,3,4.5,9,22.5,29,51.5
11120221671,2022B2PS1671P,P9N,9,19,11,14,5,12.5,4.5,6,24,32,56
11120221672,2022B2PS1672P,P5N,17.5,8,8,23,9.5,5.5,3.5,9.5,25,28,53
11120221680,2022B2PS1680P,P5N,24.5,18,23,Absent,13.5,12,9.5,0,35.5,38,73.5
11120221683,2022B2PS1683P,P5N,8,14,14,17,4.5,9.5,6,7,23,38,61
11120221687,2022B2PS1687P,P7N,6,4.5,13,13,3.5,3,5.5,5.5,15,17,32
11120221691,2022B2PS1691P,P8N,9.5,8.25,2,4,5.5,5.5,1,1.5,13,18,31
11120221692,2022B2PS1692P,P8N,6,11.5,4,18,3.5,7.5,1.5,7.5,19,42,61
11120221693,2022B2PS1693P,P2N,7.5,4,5,2,4,2.5,2,1,9,10,19
11120221694,2022B2PS1694P,P7N,10,20.5,12,0,5.5,13.5,5,0,24.5,36,60.5
11120221704,2022B2PS1704P,P3N,17.5,4,3,Absent,9.5,2.5,1.5,0,14,32,46
11120221705,2022B2PS1705P,P3N,25,20.25,35,37,14,13.5,14.5,15.5,44.5,50,94.5
11120221707,2022B2PS1707P,P8N,6.5,3.5,12,23,3.5,2.5,5,9.5,18.5,13,31.5
11120221708,2022B2PS1708P,P11N,24.5,8.5,12,28,13.5,5.5,5,11.5,31,35.5,66.5
11120221721,2022B2PS1721P,P6N,22,19,2,1,12,12.5,1,0.5,26,21,47
11120221728,2022B2PS1728P,P5N,Absent,4,2,Absent,0,2.5,1,0,4,19,23
11120221738,2022B2PS1738P,P4N,2,13,7,19,1,8.5,3,8,20,22,42
11120221739,2022B2PS1739P,P6N,22,19,16,35,12,12.5,6.5,14.5,39.5,37,76.5
11120221740,2022B2PS1740P,P12N,20.5,3,Absent,14,11.5,2,0,6,20,22,42
11120221741,2022B2PS1741P,P9N,4.5,13,Absent,7,2.5,8.5,0,3,14.5,14,28.5
11120221752,2022B2PS1752P,P11N,17.5,4,13,19,9.5,2.5,5.5,8,23.5,22,45.5
11120221533,2022B2TS1533P,P3N,14.5,14,6,8,8,9.5,2.5,3.5,21.5,28,49.5
11120221534,2022B2TS1534P,P10N,7,15,9,7,4,10,4,3,18.5,29,47.5
11120221535,2022B2TS1535P,P13N,4,10,12,10,2,6.5,5,4,16,8,24
11120221536,2022B2TS1536P,P2N,3,3,4,5,1.5,2,1.5,2,6,14,20
11120221537,2022B2TS1537P,P5N,4,Absent,Absent,Absent,2,0,0,0,2.5,0,2.5
11120221538,2022B2TS1538P,P7N,8,2,3,6,4.5,1.5,1.5,2.5,9,17,26
11120220212,2022B3PS0212P,P2N,29,7.5,22,33,16,5,9,14,39.5,49.5,89
11120220224,2022B3PS0224P,P5N,7.5,10,10,Absent,4,6.5,4,0,15,31,46
11120220259,2022B3PS0259P,P11N,14.5,20,19,24,8,13.5,8,10,32,35.5,67.5
11120220267,2022B3PS0267P,P8N,25.5,5,18,18,14,3.5,7.5,7.5,29.5,41,70.5
11120220319,2022B3PS0319P,P10N,18.5,13,10,15,10.5,8.5,4,6.5,26,41,67
11120220325,2022B3PS0325P,P10N,25.5,9,16,10,14,6,6.5,4,27,19,46
11120220350,2022B3PS0350P,P14N,24,22.5,26,28,13.5,15,11,11.5,40.5,42,82.5
11120220353,2022B3PS0353P,P13N,Absent,12.5,16,13,0,8.5,6.5,5.5,21,48,69
11120220361,2022B3PS0361P,P6N,13,8.5,16,22,7,5.5,6.5,9,23,23,46
11120220374,2022B3PS0374P,P5N,9.5,16,11,30,5.5,10.5,4.5,12.5,29,11,40
11120220383,2022B3PS0383P,P14N,Absent,4,2,5,0,2.5,1,2,6,10,16
11120220386,2022B3PS0386P,P14N,19,6,3,13,10.5,4,1.5,5.5,20.5,14,34.5
11120220401,2022B3PS0401P,P5N,19,10,14,17.5,10.5,6.5,6,7.5,25,37,62
11120220404,2022B3PS0404P,P10N,23,12,20,19,13,8,8.5,8,30,40,70
11120220409,2022B3PS0409P,P3N,17,0,7,15,9.5,0,3,6.5,19.5,36,55.5
11120220413,2022B3PS0413P,P6N,16.5,Absent,6,Absent,9,0,2.5,0,12,33,45
11120220417,2022B3PS0417P,P6N,26,16,36,Absent,14.5,10.5,15,0,40.5,22,62.5
11120220426,2022B3PS0426P,P11N,Absent,24,23,0,0,16,9.5,0,26,42,68
11120220433,2022B3PS0433P,P10N,28,16,7,17,15.5,10.5,3,7,33.5,31,64.5
11120220438,2022B3PS0438P,P10N,28,20,18.5,9,15.5,13.5,7.5,4,37,31,68
11120220442,2022B3PS0442P,P13N,14,7,4,11,8,4.5,1.5,4.5,17.5,34,51.5
11120220443,2022B3PS0443P,P10N,26,14,18,11,14.5,9.5,7.5,4.5,32,42.5,74.5
11120220446,2022B3PS0446P,P6N,17,15,34,31,9.5,10,14,13,37.5,43,80.5
11120220453,2022B3PS0453P,P2N,27.5,22,24,Absent,15.5,14.5,10,0,40.5,56,96.5
11120220464,2022B3PS0464P,P2N,28,13,21,31,15.5,8.5,9,13,38,31,69
11120220469,2022B3PS0469P,P12N,17.5,18.5,Absent,8,9.5,12.5,0,3.5,26,30,56
11120220470,2022B3PS0470P,P12N,Absent,23,3,7,0,15.5,1.5,3,20.5,28,48.5
11120220472,2022B3PS0472P,P12N,16.5,8,2,Absent,9,5.5,1,0,16,19,35
11120220474,2022B3PS0474P,P10N,Absent,4,Absent,9,0,2.5,0,4,7,29,36
11120220477,2022B3PS0477P,P6N,22,14,0,15,12,9.5,0,6.5,28.5,32,60.5
11120220480,2022B3PS0480P,P2N,Absent,0,16,Absent,0,0,6.5,0,7,30,37
11120220486,2022B3PS0486P,P3N,5.5,17,13,20,3,11.5,5.5,8.5,26,27,53
11120220495,2022B3PS0495P,P11N,28.5,25,34,34,16,16.5,14,14,47,62,109
11120220496,2022B3PS0496P,P6N,6,16,18,10,3.5,10.5,7.5,4,22.5,13,35.5
11120220509,2022B3PS0509P,P7N,20.5,23.5,18,21,11.5,15.5,7.5,9,36.5,40,76.5
11120220512,2022B3PS0512P,P10N,26.5,Absent,20,38,14.5,0,8.5,16,39.5,29,68.5
11120220518,2022B3PS0518P,P2N,26,20,25,Absent,14.5,13.5,10.5,0,39,46.5,85.5
11120220521,2022B3PS0521P,P11N,26,25,21,16,14.5,16.5,9,6.5,40.5,54.5,95
11120220524,2022B3PS0524P,P5N,25,14,16,Absent,14,9.5,6.5,0,30.5,39,69.5
11120220525,2022B3PS0525P,P14N,27,23,18,32,15,15.5,7.5,13.5,44.5,47,91.5
11120220529,2022B3PS0529P,P6N,13.5,13,14,18,7.5,8.5,6,7.5,24,27,51
11120220535,2022B3PS0535P,P7N,18.5,22.5,10,21,10.5,15,4,9,35,37,72
11120220536,2022B3PS0536P,P14N,26,20,19,20,14.5,13.5,8,8.5,37,35,72
11120220542,2022B3PS0542P,P10N,24.5,Absent,25,35,13.5,0,10.5,14.5,39,52,91
11120220548,2022B3PS0548P,P2N,Absent,9.5,11,32,0,6.5,4.5,13.5,25,44.5,69.5
11120220549,2022B3PS0549P,P11N,16,21.5,0,13,9,14.5,0,5.5,29.5,26,55.5
11120220551,2022B3PS0551P,P2N,30,4.5,24,38,16.5,3,10,16,43,48.5,91.5
11120220553,2022B3PS0553P,P2N,28,21,23,Absent,15.5,14,9.5,0,39.5,26,65.5
11120220555,2022B3PS0555P,P14N,23.5,24.5,32,32,13,16.5,13.5,13.5,44,47,91
11120220559,2022B3PS0559P,P11N,13,13,11,8,7,8.5,4.5,3.5,20.5,24,44.5
11120220562,2022B3PS0562P,P10N,25,22,25,27,14,14.5,10.5,11.5,40.5,43,83.5
11120220568,2022B3PS0568P,P2N,24,20.5,22,23,13.5,13.5,9,9.5,37,30,67
11120220569,2022B3PS0569P,P2N,28.5,25,22,35,16,16.5,9,14.5,47.5,61.5,109
11120220580,2022B3PS0580P,P2N,29,17,40,30,16,11.5,16.5,12.5,45.5,47,92.5
11120220581,2022B3PS0581P,P7N,12,10.5,12,18,6.5,7,5,7.5,21.5,32,53.5
11120220597,2022B3PS0597P,P2N,28.5,23,17,33,16,15.5,7,14,46,49,95
11120220598,2022B3PS0598P,P2N,27,21,36,Absent,15,14,15,0,44.5,50,94.5
11120220600,2022B3PS0600P,P7N,15,13.5,20,26,8.5,9,8.5,11,29,32,61
11120220604,2022B3PS0604P,P14N,18,12,5,3,10,8,2,1.5,20.5,22,42.5
11120220607,2022B3PS0607P,P1N,27,Absent,29,25,15,0,12,10.5,38,37,75
11120220608,2022B3PS0608P,P6N,13,9,3,Absent,7,6,1.5,0,15,30,45
11120220612,2022B3PS0612P,P4N,20,10,3,2,11,6.5,1.5,1,19.5,33,52.5
11120220613,2022B3PS0613P,P11N,9.5,16.5,7,15,5.5,11,3,6.5,23.5,33,56.5
11120220614,2022B3PS0614P,P6N,19,25,38,21,10.5,16.5,16,9,43.5,29,72.5
11120220625,2022B3PS0625P,P14N,28,Absent,14,22,15.5,0,6,9,31,33,64
11120220629,2022B3PS0629P,P13N,24.5,4,29,26,13.5,2.5,12,11,37,45,82
11120220630,2022B3PS0630P,P13N,26.5,24.5,30,Absent,14.5,16.5,12.5,0,44,23,67
11120220631,2022B3PS0631P,P11N,20.5,13,23,15,11.5,8.5,9.5,6.5,30,43,73
11120220637,2022B3PS0637P,P11N,27.5,20.5,27,38,15.5,13.5,11.5,16,45.5,51,96.5
11120220638,2022B3PS0638P,P14N,28.5,Absent,20,22,16,0,8.5,9,34,24,58
11120220648,2022B3PS0648P,P11N,27.5,10,30,38,15.5,6.5,12.5,16,44.5,44,88.5
11120220650,2022B3PS0650P,P13N,27.5,19,30,12,15.5,12.5,12.5,5,41,51,92
11120221242,2022B3PS1242P,P4N,2.5,6,2,3,1.5,4,1,1.5,7.5,30,37.5
11120221247,2022B3PS1247P,P10N,12,16.5,17,3,6.5,11,7,1.5,25,25,50
11120221251,2022B3PS1251P,P5N,12,23,7,23,6.5,15.5,3,9.5,32,32,64
11120221257,2022B3PS1257P,P6N,23,23,33,30,13,15.5,14,12.5,43,32,75
11120221259,2022B3PS1259P,P3N,23.5,Absent,6,9,13,0,2.5,4,20,35,55
11120221266,2022B3PS1266P,P13N,Absent,2,2,7,0,1.5,1,3,6,0,6
11120221268,2022B3PS1268P,P6N,27.5,14,24,33.5,15.5,9.5,10,14,40,43,83
11120221269,2022B3PS1269P,P9N,29,5,0,33,16,3.5,0,14,34,54,88
11120221271,2022B3PS1271P,P3N,0,2.5,5,6,0,1.5,2,2.5,6.5,25,31.5
11120221743,2022B3PS1743P,P3N,22,17,27,17,12,11.5,11.5,7,35.5,41,76.5
11120221511,2022B3TS1511P,P4N,15.5,11.5,5,25,8.5,7.5,2,10.5,27,21,48
11120221512,2022B3TS1512P,P13N,0,14,6,11,0,9.5,2.5,4.5,17,33,50
11120221513,2022B3TS1513P,P12N,11,0,Absent,Absent,6,0,0,0,6.5,14,20.5
11120221517,2022B3TS1517P,P2N,23,20,19,6,13,13.5,8,2.5,35,46,81
11120221519,2022B3TS1519P,P3N,21,9,2,4,11.5,6,1,1.5,19.5,10,29.5
11120221520,2022B3TS1520P,P11N,21.5,15,22,32,12,10,9,13.5,36,43.5,79.5
11120220461,2022B4PS0461P,P14N,19,3.5,3,8,10.5,2.5,1.5,3.5,17,45,62
11120220574,2022B4PS0574P,P6N,22.5,14,16,18,12.5,9.5,6.5,7.5,30,38,68
11120220585,2022B4PS0585P,P13N,19.5,24.5,21,23,11,16.5,9,9.5,37.5,31,68.5
11120220592,2022B4PS0592P,P5N,25,14,12,28,14,9.5,5,11.5,35.5,42,77.5
11120220594,2022B4PS0594P,P12N,23,16,13,8,13,10.5,5.5,3.5,29.5,33,62.5
11120220596,2022B4PS0596P,P1N,28.5,18,39,36,16,12,16.5,15,48,54,102
11120220601,2022B4PS0601P,P12N,9,15,7,19,5,10,3,8,23.5,32,55.5
11120220621,2022B4PS0621P,P5N,21.5,4.5,24,29,12,3,10,12,34.5,32,66.5
11120220623,2022B4PS0623P,P2N,23,12,23,15,13,8,9.5,6.5,31,49,80
11120220627,2022B4PS0627P,P1N,18.5,18,12,26,10.5,12,5,11,34,42,76
11120220632,2022B4PS0632P,P6N,24.5,16.5,24,16,13.5,11,10,6.5,35,61,96
11120220635,2022B4PS0635P,P4N,20,18,4,19,11,12,1.5,8,31.5,54.5,86
11120220654,2022B4PS0654P,P5N,2,7,15,30,1,4.5,6.5,12.5,24,45,69
11120220658,2022B4PS0658P,P2N,14,3.5,2,10,8,2.5,1,4,15,26.5,41.5
11120220681,2022B4PS0681P,P14N,7,4,1,11,4,2.5,0.5,4.5,11.5,32,43.5
11120220685,2022B4PS0685P,P2N,18,17,13,Absent,10,11.5,5.5,0,27.5,32,59.5
11120220695,2022B4PS0695P,P3N,18,11,5,6,10,7.5,2,2.5,20.5,28,48.5
11120220705,2022B4PS0705P,P11N,6.5,2,16,3,3.5,1.5,6.5,1.5,12,10,22
11120220709,2022B4PS0709P,P9N,11.5,24.5,15,28,6.5,16.5,6.5,11.5,35,40,75
11120220711,2022B4PS0711P,P2N,2.5,2,3,10,1.5,1.5,1.5,4,7.5,10,17.5
11120220720,2022B4PS0720P,P2N,23,25,22,24,13,16.5,9,10,40,38,78
11120220727,2022B4PS0727P,P6N,21.5,6.5,1,4,12,4.5,0.5,1.5,18.5,42,60.5
11120220728,2022B4PS0728P,P7N,25.5,20,28,33,14,13.5,11.5,14,42,24,66
11120220731,2022B4PS0731P,P3N,8,Absent,8,20,4.5,0,3.5,8.5,17,35,52
11120220735,2022B4PS0735P,P6N,17.5,Absent,0,3,9.5,0,0,1.5,11.5,32,43.5
11120220739,2022B4PS0739P,P12N,18.5,4,7,2,10.5,2.5,3,1,16.5,22,38.5
11120220750,2022B4PS0750P,P2N,18,12,4,4,10,8,1.5,1.5,20,24,44
11120220765,2022B4PS0765P,P11N,25.5,14.5,40,22,14,9.5,16.5,9,40.5,45,85.5
11120220771,2022B4PS0771P,P14N,19,3,2,2,10.5,2,1,1,14,27,41
11120220772,2022B4PS0772P,P2N,21,12,15,11,11.5,8,6.5,4.5,26.5,31,57.5
11120220777,2022B4PS0777P,P6N,18.5,16,22,25,10.5,10.5,9,10.5,32,42,74
11120220787,2022B4PS0787P,P13N,14.5,15.5,6,28,8,10.5,2.5,11.5,30.5,38,68.5
11120220794,2022B4PS0794P,P11N,21,13,16,15,11.5,8.5,6.5,6.5,27,46,73
11120220804,2022B4PS0804P,P11N,19,20,19,9,10.5,13.5,8,4,32.5,61,93.5
11120220807,2022B4PS0807P,P12N,5,13,12,22,3,8.5,5,9,23,18,41
11120220816,2022B4PS0816P,P12N,13,7,3,9,7,4.5,1.5,4,16,16,32
11120220817,2022B4PS0817P,P14N,14,4,6,9,8,2.5,2.5,4,15,8,23
11120220822,2022B4PS0822P,P12N,7,8,3,8,4,5.5,1.5,3.5,13.5,28,41.5
11120220837,2022B4PS0837P,P6N,10,14,17,24.5,5.5,9.5,7,10,27,30,57
11120220839,2022B4PS0839P,P13N,17.5,5,32,19,9.5,3.5,13.5,8,31.5,27.5,59
11120220874,2022B4PS0874P,P14N,15,12.5,11,33,8.5,8.5,4.5,14,31.5,44,75.5
11120220885,2022B4PS0885P,P6N,22.5,Absent,4,1,12.5,0,1.5,0.5,15,27,42
11120220912,2022B4PS0912P,P11N,5,Absent,3,4,3,0,1.5,1.5,6.5,22,28.5
11120220920,2022B4PS0920P,P5N,16.5,19,8,33,9,12.5,3.5,14,36,51,87
11120220922,2022B4PS0922P,P1N,27,18.5,19,28,15,12.5,8,11.5,39.5,31,70.5
11120220927,2022B4PS0927P,P1N,12.5,9.5,6,23,7,6.5,2.5,9.5,23.5,13,36.5
11120220935,2022B4PS0935P,P11N,8,10,3,8,4.5,6.5,1.5,3.5,15,37,52
11120220936,2022B4PS0936P,P4N,15,Absent,11,4,8.5,0,4.5,1.5,15,20.5,35.5
11120220954,2022B4PS0954P,P10N,20,10.5,6,21,11,7,2.5,9,27.5,30,57.5
11120220961,2022B4PS0961P,P10N,4,11,Absent,7,2,7.5,0,3,13,25,38
11120220980,2022B4PS0980P,P6N,17,9,8,Absent,9.5,6,3.5,0,19.5,17,36.5
11120220986,2022B4PS0986P,P7N,2,13,16.5,17,1,8.5,7,7,23,31,54
11120220989,2022B4PS0989P,P12N,12,12,15,15,6.5,8,6.5,6.5,21.5,24,45.5
11120220997,2022B4PS0997P,P1N,Absent,18,8,21,0,12,3.5,9,25,42,67
11120221005,2022B4PS1005P,P6N,13,5,12,18,7,3.5,5,7.5,20,26,46
11120221013,2022B4PS1013P,P14N,15.5,7,2,7,8.5,4.5,1,3,16.5,29.5,46
11120221028,2022B4PS1028P,P13N,19,14,Absent,5,10.5,9.5,0,2,22.5,31,53.5
11120221038,2022B4PS1038P,P1N,17,13,17,3,9.5,8.5,7,1.5,25.5,30,55.5
11120221042,2022B4PS1042P,P14N,8,11,17,4,4.5,7.5,7,1.5,19.5,26,45.5
11120221047,2022B4PS1047P,P7N,20.5,9,17,24.5,11.5,6,7,10,29,35,64
11120221050,2022B4PS1050P,P4N,19.5,8,6,21,11,5.5,2.5,9,26,45,71
11120221063,2022B4PS1063P,P11N,21,15,0,8,11.5,10,0,3.5,25.5,26,51.5
11120221065,2022B4PS1065P,P10N,4,12,19,3,2,8,8,1.5,18.5,24,42.5
11120221073,2022B4PS1073P,P10N,21.5,14.5,6,13,12,9.5,2.5,5.5,27.5,33.5,61
11120221074,2022B4PS1074P,P4N,Absent,4,4,3,0,2.5,1.5,1.5,6,27,33
11120221081,2022B4PS1081P,P14N,2.5,6,7,25,1.5,4,3,10.5,18,35,53
11120221082,2022B4PS1082P,P2N,9,8,12,20,5,5.5,5,8.5,19.5,31,50.5
11120221084,2022B4PS1084P,P2N,16,Absent,2,5,9,0,1,2,12.5,27,39.5
11120221087,2022B4PS1087P,P11N,12,0,16,Absent,6.5,0,6.5,0,13.5,34,47.5
11120221282,2022B4PS1282P,P5N,18,19,14,33,10,12.5,6,14,37,37,74
11120221300,2022B4PS1300P,P7N,27.5,25,37,0,15.5,16.5,15.5,0,48,44,92
11120221308,2022B4PS1308P,P14N,26.5,11,6,10,14.5,7.5,2.5,4,26.5,29,55.5
11120221310,2022B4PS1310P,P5N,14,12,8,Absent,8,8,3.5,0,20,10,30
11120221312,2022B4PS1312P,P4N,19.5,16,2,29,11,10.5,1,12,34,40,74
11120221314,2022B4PS1314P,P9N,21.5,24.5,6,9,12,16.5,2.5,4,33,48,81
11120221315,2022B4PS1315P,P13N,15.5,2,Absent,10,8.5,1.5,0,4,14.5,21,35.5
11120221318,2022B4PS1318P,P13N,15,13,12,26,8.5,8.5,5,11,28.5,24,52.5
11120221320,2022B4PS1320P,P4N,0,Absent,Absent,Absent,0,0,0,0,0.5,13,13.5
11120221564,2022B4PS1564P,P4N,18.5,24.5,18,26,10.5,16.5,7.5,11,38.5,43,81.5
11120221744,2022B4PS1744P,P5N,7,3,3,8,4,2,1.5,3.5,10,18,28
11120221514,2022B4TS1514P,P10N,13.5,1.5,10,Absent,7.5,1,4,0,13,10,23
11120221515,2022B4TS1515P,P5N,24.5,17,20,32,13.5,11.5,8.5,13.5,39,42,81
11120221516,2022B4TS1516P,P7N,25.5,24,Absent,20,14,16,0,8.5,39,47,86
11120221522,2022B4TS1522P,P3N,20.5,12,17,8,11.5,8,7,3.5,27,32,59
11120221523,2022B4TS1523P,P2N,3,11,8,10,1.5,7.5,3.5,4,15.5,23,38.5
11120221524,2022B4TS1524P,P3N,13.5,14.5,11,19.5,7.5,9.5,4.5,8,25.5,22,47.5
11120221525,2022B4TS1525P,P12N,15,12,6,14,8.5,8,2.5,6,23,25,48
11120221526,2022B4TS1526P,P1N,3.5,8,3,17,2,5.5,1.5,7,15,15,30
11120220024,2022B5PS0024P,P6N,Absent,Absent,Absent,Absent,0,0,0,0,0.5,25.5,26
11120220289,2022B5PS0289P,P9N,22.5,12.25,25,40,12.5,8,10.5,16.5,40,49,89
11120220395,2022B5PS0395P,P6N,21,11,23,33,11.5,7.5,9.5,14,35.5,39.5,75
11120220488,2022B5PS0488P,P9N,13.5,20.5,9,26,7.5,13.5,4,11,32.5,49,81.5
11120220519,2022B5PS0519P,P13N,15,22.5,18,30,8.5,15,7.5,12.5,36.5,35,71.5
11120220533,2022B5PS0533P,P6N,11.5,14,13,17,6.5,9.5,5.5,7,23.5,36,59.5
11120220636,2022B5PS0636P,P11N,14,19.5,36,37,8,13,15,15.5,44,52,96
11120220641,2022B5PS0641P,P5N,7.5,2,6,10,4,1.5,2.5,4,11,10,21
11120220665,2022B5PS0665P,P12N,20.5,13,6,15,11.5,8.5,2.5,6.5,27,43,70
11120220670,2022B5PS0670P,P14N,17.5,7,1,2,9.5,4.5,0.5,1,15.5,24,39.5
11120220672,2022B5PS0672P,P9N,19,24,19,13,10.5,16,8,5.5,35,34,69
11120220688,2022B5PS0688P,P10N,27.5,23,17,32,15.5,15.5,7,13.5,45,51,96
11120220691,2022B5PS0691P,P13N,0,12,2,Absent,0,8,1,0,9.5,31,40.5
11120220701,2022B5PS0701P,P2N,20.5,0,13,6,11.5,0,5.5,2.5,20,29,49
11120220717,2022B5PS0717P,P12N,26,21,14,7,14.5,14,6,3,35,27,62
11120220722,2022B5PS0722P,P2N,12,16,5,Absent,6.5,10.5,2,0,19.5,36,55.5
11120220724,2022B5PS0724P,P10N,28.5,21.5,35,Absent,16,14.5,14.5,0,45.5,41,86.5
11120220726,2022B5PS0726P,P2N,26,16,27,23,14.5,10.5,11.5,9.5,37,53.5,90.5
11120220729,2022B5PS0729P,P2N,30,24,35,Absent,16.5,16,14.5,0,47.5,54,101.5
11120220730,2022B5PS0730P,P6N,8,10,5,3,4.5,6.5,2,1.5,13.5,30,43.5
11120220743,2022B5PS0743P,P6N,Absent,Absent,4,18,0,0,1.5,7.5,9.5,30,39.5
11120220751,2022B5PS0751P,P9N,Absent,11.5,28,25,0,7.5,11.5,10.5,30,29,59
11120220752,2022B5PS0752P,P7N,22,15.5,12,29,12,10.5,5,12,35,26,61
11120220758,2022B5PS0758P,P6N,9,5,3,8,5,3.5,1.5,3.5,12.5,38,50.5
11120220761,2022B5PS0761P,P7N,26.5,9,32,27,14.5,6,13.5,11.5,40,33,73
11120220763,2022B5PS0763P,P6N,30,18,22,34,16.5,12,9,14,43,50,93
11120220767,2022B5PS0767P,P7N,9.5,6,Absent,6,5.5,4,0,2.5,12.5,22,34.5
11120220770,2022B5PS0770P,P13N,6,Absent,3,23,3.5,0,1.5,9.5,15,13,28
11120220779,2022B5PS0779P,P12N,4,11,4,5,2,7.5,1.5,2,12,25.5,37.5
11120220783,2022B5PS0783P,P5N,12.5,Absent,5,14,7,0,2,6,15.5,30,45.5
11120220786,2022B5PS0786P,P1N,19.5,18,24,36,11,12,10,15,38.5,40,78.5
11120220789,2022B5PS0789P,P10N,26.5,6,10,18,14.5,4,4,7.5,26.5,27.5,54
11120220793,2022B5PS0793P,P13N,16.5,15,21,20,9,10,9,8.5,28.5,30,58.5
11120220796,2022B5PS0796P,P2N,14,13,17,5,8,8.5,7,2,24,35,59
11120220800,2022B5PS0800P,P7N,20,18,Absent,24,11,12,0,10,33.5,45.5,79
11120220814,2022B5PS0814P,P7N,21,19.5,33,19,11.5,13,14,8,39,48,87
11120220823,2022B5PS0823P,P3N,23,9,19,4,13,6,8,1.5,27.5,38,65.5
11120220840,2022B5PS0840P,P1N,19.5,22,25,Absent,11,14.5,10.5,0,36.5,20,56.5
11120220844,2022B5PS0844P,P10N,2,9,11,3,1,6,4.5,1.5,12.5,28,40.5
11120220848,2022B5PS0848P,P2N,21.5,9,5,12,12,6,2,5,23.5,30.5,54
11120220850,2022B5PS0850P,P6N,24.5,12,6,28,13.5,8,2.5,11.5,33.5,26,59.5
11120220864,2022B5PS0864P,P2N,Absent,Absent,0,Absent,0,0,0,0,0.5,29,29.5
11120220865,2022B5PS0865P,P7N,26.5,19,38.5,39,14.5,12.5,16,16.5,47.5,56,103.5
11120220877,2022B5PS0877P,P14N,21,14,15,3,11.5,9.5,6.5,1.5,28,47,75
11120220889,2022B5PS0889P,P9N,26,24,12,30,14.5,16,5,12.5,43.5,41.5,85
11120220892,2022B5PS0892P,P13N,23,0,28,18,13,0,11.5,7.5,32.5,27,59.5
11120220894,2022B5PS0894P,P12N,25,14,18,24,14,9.5,7.5,10,34,57,91
11120220918,2022B5PS0918P,P10N,6,6,5,4,3.5,4,2,1.5,10,23,33
11120220937,2022B5PS0937P,P3N,12,Absent,6,2,6.5,0,2.5,1,10.5,24.5,35
11120220943,2022B5PS0943P,P12N,16.5,20.5,14,10,9,13.5,6,4,29,39,68
11120220952,2022B5PS0952P,P5N,Absent,6.5,11,28,0,4.5,4.5,11.5,21,35,56
11120220956,2022B5PS0956P,P6N,12,13,3,12,6.5,8.5,1.5,5,20.5,26,46.5
11120220960,2022B5PS0960P,P11N,Absent,11,19,11,0,7.5,8,4.5,20.5,34,54.5
11120220968,2022B5PS0968P,P12N,8.5,2,2,6,4.5,1.5,1,2.5,9,29,38
11120220971,2022B5PS0971P,P13N,23,21,3,14,13,14,1.5,6,33.5,32,65.5
11120220972,2022B5PS0972P,P14N,17,10,4,17,9.5,6.5,1.5,7,23.5,25,48.5
11120220996,2022B5PS0996P,P13N,13,14,3,5,7,9.5,1.5,2,19,33,52
11120221007,2022B5PS1007P,P14N,17,6,16,10,9.5,4,6.5,4,20.5,29,49.5
11120221026,2022B5PS1026P,P13N,Absent,11,14,9,0,7.5,6,4,18,17,35
11120221027,2022B5PS1027P,P10N,23,10.5,8,Absent,13,7,3.5,0,24,20,44
11120221044,2022B5PS1044P,P1N,27,Absent,5,Absent,15,0,2,0,17.5,30.5,48
11120221046,2022B5PS1046P,P6N,21.5,12,13,18,12,8,5.5,7.5,28,45,73
11120221049,2022B5PS1049P,P10N,10,17,21,11,5.5,11.5,9,4.5,26.5,25,51.5
11120221054,2022B5PS1054P,P5N,9,5.5,16,7,5,3.5,6.5,3,15.5,35,50.5
11120221066,2022B5PS1066P,P13N,13.5,20.5,15,5,7.5,13.5,6.5,2,28,40,68
11120221079,2022B5PS1079P,P10N,22.5,8.5,20,10,12.5,5.5,8.5,4,27,30.5,57.5
11120221086,2022B5PS1086P,P6N,26,16,14,7,14.5,10.5,6,3,31.5,17,48.5
11120221089,2022B5PS1089P,P4N,Absent,22,20,28,0,14.5,8.5,11.5,35,48,83
11120221288,2022B5PS1288P,P3N,26,15,9,36,14.5,10,4,15,40,42,82
11120221298,2022B5PS1298P,P12N,11.5,8,16,6,6.5,5.5,6.5,2.5,19,25,44
11120221302,2022B5PS1302P,P14N,Absent,4,15,26,0,2.5,6.5,11,20.5,23,43.5
11120221305,2022B5PS1305P,P5N,8.5,15.5,15,22,4.5,10.5,6.5,9,26.5,43,69.5
11120221309,2022B5PS1309P,P10N,20,16,4,6,11,10.5,1.5,2.5,24.5,24,48.5
11120221313,2022B5PS1313P,P13N,13.5,13.5,17,8,7.5,9,7,3.5,24,49.5,73.5
11120221317,2022B5PS1317P,P2N,10,Absent,4,Absent,5.5,0,1.5,0,7.5,36,43.5
11120221319,2022B5PS1319P,P4N,19,2,19,26,10.5,1.5,8,11,30,53,83
11120221321,2022B5PS1321P,P4N,26.5,11.5,15,3,14.5,7.5,6.5,1.5,29,33.5,62.5
11120221324,2022B5PS1324P,P13N,27,12,20,8,15,8,8.5,3.5,32,39.5,71.5
11120221326,2022B5PS1326P,P5N,21,21.5,18,33,11.5,14.5,7.5,14,40.5,31.5,72
11120221665,2022B5PS1665P,P3N,18,21,19,23,10,14,8,9.5,34,33,67
11120221510,2022B5TS1510P,P12N,15.5,9,6,21,8.5,6,2.5,9,24,21,45
11120221527,2022B5TS1527P,P4N,19,10,5,6,10.5,6.5,2,2.5,20,37,57
11120221528,2022B5TS1528P,P12N,0,8,Absent,3,0,5.5,0,1.5,7.5,19,26.5
11120221529,2022B5TS1529P,P7N,7,2,8,7,4,1.5,3.5,3,11,24,35
11120221530,2022B5TS1530P,P6N,20.5,7.5,11,2,11.5,5,4.5,1,21.5,40,61.5
11120221532,2022B5TS1532P,P10N,3,3.5,2,12,1.5,2.5,1,5,9.5,22,31.5
11120221541,2022D2TS1541P,P4N,1,4,0,4,0.5,2.5,0,1.5,5,19,24
11120221542,2022D2TS1542P,P12N,12.5,2,2,5,7,1.5,1,2,11,10,21
11120221543,2022D2TS1543P,P14N,17.5,2,11,3,9.5,1.5,4.5,1.5,16,27,43
11120221544,2022D2TS1544P,P10N,3.5,3,4,1,2,2,1.5,0.5,6,16,22
11120221545,2022D2TS1545P,P4N,2.5,4.5,3,8,1.5,3,1.5,3.5,8.5,10,18.5
11120221546,2022D2TS1546P,P12N,15,6,14,16,8.5,4,6,6.5,21.5,33,54.5
11120221547,2022D2TS1547P,P11N,8.5,Absent,4,0,4.5,0,1.5,0,6.5,12,18.5
11120221550,2022D2TS1550P,P11N,11,2,14,6,6,1.5,6,2.5,15,32,47
11120221551,2022D2TS1551P,P12N,15,5,17,10,8.5,3.5,7,4,20,15,35
11120221552,2022D2TS1552P,P14N,1,2,9,1,0.5,1.5,4,0.5,6.5,10,16.5
11120221553,2022D2TS1553P,P10N,2,2,25,6,1,1.5,10.5,2.5,15,26,41
11120221554,2022D2TS1554P,P13N,1,2,Absent,Absent,0.5,1.5,0,0,2.5,10,12.5
11120221555,2022D2TS1555P,P11N,0,4.5,0,Absent,0,3,0,0,3.5,13,16.5
11120221556,2022D2TS1556P,P14N,8,4,9,6,4.5,2.5,4,2.5,11.5,27,38.5
11120221557,2022D2TS1557P,P5N,7.5,0,0,Absent,4,0,0,0,4.5,13,17.5